director_name,actor_1_name,actor_2_name,actor_3_name,genres,movie_title,comb
Simon Kinberg,Jessica Chastain,Lupita Nyong'o,Penélope Cruz,Action Thriller,the 355,Jessica Chastain Lupita Nyong'o Penélope Cruz Simon Kinberg Action Thriller
Patricia Harris Seeley,Autumn Reeser,Antonio Cupo,Danny Trejo,Family Animation Fantasy Horror,the legend of la llorona,Autumn Reeser Antonio Cupo Danny Trejo Patricia Harris Seeley Family Animation Fantasy Horror
Asif Akbar,Mickey Rourke,Michael Jai White,unknown,Action Crime Thriller,the commando,Mickey Rourke Michael Jai White unknown Asif Akbar Action Crime Thriller
Edward Drake,Timothy V. Murphy,Bruce Willis,unknown,Action Adventure Thriller,american siege,Timothy V. Murphy Bruce Willis unknown Edward Drake Action Adventure Thriller
"Matt Bettinelli-Olpin, Tyler Gillett",Melissa Barrera,Mason Gooding,Jenna Ortega,Horror Mystery Thriller,scream,"Melissa Barrera Mason Gooding Jenna Ortega Matt Bettinelli-Olpin, Tyler Gillett Horror Mystery Thriller"
"Jennifer Kluska, Derek Drymon",Andy Samberg,Selena Gomez,Kathryn Hahn,Animation Comedy Family Fantasy Adventure,hotel transylvania: transformania,"Andy Samberg Selena Gomez Kathryn Hahn Jennifer Kluska, Derek Drymon Animation Comedy Family Fantasy Adventure"
Luis Prieto,Cameron Monaghan,Frank Grillo,Lilly Krug,Thriller,shattered,Cameron Monaghan Frank Grillo Lilly Krug Luis Prieto Thriller
Rick Jacobson,Laura Marano,Mena Massoud,unknown,Romance Comedy,the royal treatment,Laura Marano Mena Massoud unknown Rick Jacobson Romance Comedy
D.J. Caruso,Abigail Cowen,Tom Lewis,Logan Marshall-Green,Romance Drama History,redeeming love,Abigail Cowen Tom Lewis Logan Marshall-Green D.J. Caruso Romance Drama History
Sean McNamara,Pierce Brosnan,Kaya Scodelario,Benjamin Walker,Fantasy Adventure Family,the king's daughter,Pierce Brosnan Kaya Scodelario Benjamin Walker Sean McNamara Fantasy Adventure Family
Ray Giarratana,Christian Convery,Dennis Quaid,Queen Latifah,Adventure Family,the tiger rising,Christian Convery Dennis Quaid Queen Latifah Ray Giarratana Adventure Family
Justin Lee,Bruce Dern,Billy Zane,Tony Todd,Horror Action,hellblazers,Bruce Dern Billy Zane Tony Todd Justin Lee Horror Action
Megan Park,Jenna Ortega,Maddie Ziegler,Niles Fitch,Drama,the fallout,Jenna Ortega Maddie Ziegler Niles Fitch Megan Park Drama
"Charles Kinnane, Daniel Kinnane",Kevin James,Taylor Lautner,Rob Schneider,Family Comedy,home team,"Kevin James Taylor Lautner Rob Schneider Charles Kinnane, Daniel Kinnane Family Comedy"
John C. Donkin,Simon Pegg,Utkarsh Ambudkar,Justina Machado,Animation Comedy Adventure Family,the ice age adventures of buck wild,Simon Pegg Utkarsh Ambudkar Justina Machado John C. Donkin Animation Comedy Adventure Family
Paul Solet,Adrien Brody,Glenn Fleshler,Mykelti Williamson,Crime,clean,Adrien Brody Glenn Fleshler Mykelti Williamson Paul Solet Crime
Michel Franco,Tim Roth,Charlotte Gainsbourg,unknown,Romance Comedy,sundown,Tim Roth Charlotte Gainsbourg unknown Michel Franco Romance Comedy
Jeff Tremaine,Johnny Knoxville,Steve-O,Chris Pontius,Comedy Documentary,jackass forever,Johnny Knoxville Steve-O Chris Pontius Jeff Tremaine Comedy Documentary
Roland Emmerich,Halle Berry,Patrick Wilson,John Bradley,Science Fiction Adventure Action,moonfall,Halle Berry Patrick Wilson John Bradley Roland Emmerich Science Fiction Adventure Action
Tim Kirkby,Charlie Hunnam,Mel Gibson,Morena Baccarin,Action Crime Thriller,last looks,Charlie Hunnam Mel Gibson Morena Baccarin Tim Kirkby Action Crime Thriller
Rich Ragsdale,Scout Taylor-Compton,Nolan Gerard Funk,Jeff Fahey,Horror,the long night,Scout Taylor-Compton Nolan Gerard Funk Jeff Fahey Rich Ragsdale Horror
Steven Soderbergh,Zoë Kravitz,Rita Wilson,Byron Bowers,Thriller,kimi,Zoë Kravitz Rita Wilson Byron Bowers Steven Soderbergh Thriller
D.J. Caruso,Rainey Qualley,Jake Horowitz,Luciana VanDette,Thriller Horror Drama,shut in,Rainey Qualley Jake Horowitz Luciana VanDette D.J. Caruso Thriller Horror Drama
Kenneth Branagh,Tom Bateman,Annette Bening,Kenneth Branagh,Mystery Drama Crime Thriller Action Adventure,death on the nile,Tom Bateman Annette Bening Kenneth Branagh Kenneth Branagh Mystery Drama Crime Thriller Action Adventure
Kat Coiro,Jennifer Lopez,Owen Wilson,Maluma,Romance Comedy Music,marry me,Jennifer Lopez Owen Wilson Maluma Kat Coiro Romance Comedy Music
Mark Williams,Liam Neeson,Emmy Raver-Lampman,Taylor John Smith,Action Thriller,blacklight,Liam Neeson Emmy Raver-Lampman Taylor John Smith Mark Williams Action Thriller
Jason Orley,Charlie Day,Jenny Slate,Scott Eastwood,Comedy Romance,i want you back,Charlie Day Jenny Slate Scott Eastwood Jason Orley Comedy Romance
Emily Ting,Ava Michelle,Griffin Gluck,Sabrina Carpenter,Comedy Romance,tall girl 2,Ava Michelle Griffin Gluck Sabrina Carpenter Emily Ting Comedy Romance
Josephine Decker,Grace Kaufman,Pico Alexander,Jacques Colimon,Drama Romance Music,the sky is everywhere,Grace Kaufman Pico Alexander Jacques Colimon Josephine Decker Drama Romance Music
Arie Posin,Joey King,Kyle Allen,Kim Dickens,Romance Science Fiction Drama,the in between,Joey King Kyle Allen Kim Dickens Arie Posin Romance Science Fiction Drama
Roel Reiné,Iko Uwais,Lewis Tan,Lawrence Kao,Action Fantasy,fistful of vengeance,Iko Uwais Lewis Tan Lawrence Kao Roel Reiné Action Fantasy
Ruben Fleischer,Tom Holland,Mark Wahlberg,Sophia Ali,Action Adventure,uncharted,Tom Holland Mark Wahlberg Sophia Ali Ruben Fleischer Action Adventure
"Reid Carolin, Channing Tatum",Channing Tatum,Jane Adams,Kevin Nash,Drama Comedy,dog,"Channing Tatum Jane Adams Kevin Nash Reid Carolin, Channing Tatum Drama Comedy"
David Blue Garcia,Sarah Yarkin,Elsie Fisher,Mark Burham,Horror Thriller,texas chainsaw massacre,Sarah Yarkin Elsie Fisher Mark Burham David Blue Garcia Horror Thriller
Sean Ellis,Boyd Holbrook,Kelly Reilly,Alistair Petrie,Horror Fantasy Mystery,the cursed,Boyd Holbrook Kelly Reilly Alistair Petrie Sean Ellis Horror Fantasy Mystery
Erik Peter Carlson,Emily Shenaut,Brian Hull,Gabriel Burrafato,Adventure Family Fantasy,a fairy tale after all,Emily Shenaut Brian Hull Gabriel Burrafato Erik Peter Carlson Adventure Family Fantasy
Joe Wright,Peter Dinklage,Haley Bennett,Kelvin Harrison Jr.,Drama Romance,cyrano,Peter Dinklage Haley Bennett Kelvin Harrison Jr. Joe Wright Drama Romance
BJ McDonell,Dave Grohl,Taylor Hawkins,Nate Mendel,Horror Comedy Music,studio 666,Dave Grohl Taylor Hawkins Nate Mendel BJ McDonell Horror Comedy Music
Tyler Perry,Tyler Perry,Cassi Davis,David Mann,Comedy,a madea homecoming,Tyler Perry Cassi Davis David Mann Tyler Perry Comedy
Damien Power,Havana Rose Liu,Danny Ramirez,Dennis Haysbert,Thriller Mystery,no exit,Havana Rose Liu Danny Ramirez Dennis Haysbert Damien Power Thriller Mystery
Edward John Drake,Bruce Willis,Luke Wilson,Devon Sawa,Action Thriller Crime Mystery,gasoline alley,Bruce Willis Luke Wilson Devon Sawa Edward John Drake Action Thriller Crime Mystery
Matt Reeves,Robert Pattinson,Zoë Kravitz,Paul Dano,Crime Mystery Thriller,the batman,Robert Pattinson Zoë Kravitz Paul Dano Matt Reeves Crime Mystery Thriller
Mimi Cave,Daisy Edgar-Jones,Sebastian Stan,Jonica T. Gibbs,Horror Thriller Comedy,fresh,Daisy Edgar-Jones Sebastian Stan Jonica T. Gibbs Mimi Cave Horror Thriller Comedy
Wes Miller,Kevin Dillon,Bruce Willis,Frank Grillo,Action Thriller Crime,a day to die,Kevin Dillon Bruce Willis Frank Grillo Wes Miller Action Thriller Crime
Shawn Levy,Ryan Reynolds,Mark Ruffalo,Jennifer Garner,Adventure Science Fiction,the adam project,Ryan Reynolds Mark Ruffalo Jennifer Garner Shawn Levy Adventure Science Fiction
Domee Shi,Rosalie Chiang,Sandra Oh,Ava Morse,Animation Family Comedy Fantasy,turning red,Rosalie Chiang Sandra Oh Ava Morse Domee Shi Animation Family Comedy Fantasy
Kim Bass,Rory Cochrane,Amy Smart,Major Dodson,Drama,tyson's run,Rory Cochrane Amy Smart Major Dodson Kim Bass Drama
Katt Shea,Grant Gustin,Scott Wolf,Kaylah Zander,Family Drama,rescued by ruby,Grant Gustin Scott Wolf Kaylah Zander Katt Shea Family Drama
Graham Moore,Mark Rylance,Zoey Deutch,Johnny Flynn,Crime,the outfit,Mark Rylance Zoey Deutch Johnny Flynn Graham Moore Crime
Adrian Lyne,Ben Affleck,Ana de Armas,Tracy Letts,Drama Thriller,deep water,Ben Affleck Ana de Armas Tracy Letts Adrian Lyne Drama Thriller
Gail Lerner,Gabrielle Union,Zach Braff,Erika Christensen,Family Comedy,cheaper by the dozen,Gabrielle Union Zach Braff Erika Christensen Gail Lerner Family Comedy
Charlie McDowell,Lily Collins,Jesse Plemons,Jason Segel,Thriller Crime Drama,windfall,Lily Collins Jesse Plemons Jason Segel Charlie McDowell Thriller Crime Drama
Ti West,Mia Goth,Jenna Ortega,Martin Henderson,Horror Mystery Thriller,x,Mia Goth Jenna Ortega Martin Henderson Ti West Horror Mystery Thriller
Iris K. Shim,Sandra Oh,Fivel Stewart,MeeWha Alana Lee,Horror Mystery,umma,Sandra Oh Fivel Stewart MeeWha Alana Lee Iris K. Shim Horror Mystery
Krystin Ver Linden,Keke Palmer,Common,Gaius Charles,Thriller Drama,alice,Keke Palmer Common Gaius Charles Krystin Ver Linden Thriller Drama
Mariama Diallo,Regina Hall,Zoe Renee,Amber Gray,Horror Thriller Drama Mystery,master,Regina Hall Zoe Renee Amber Gray Mariama Diallo Horror Thriller Drama Mystery
Peyfa,Bella Thorne,Melissa Leo,Roma Maffia,Thriller,measure of revenge,Bella Thorne Melissa Leo Roma Maffia Peyfa Thriller
"Małgorzata Szumowska, Michał Englert",Naomi Watts,Billy Howle,Sophie Okonedo,Thriller Adventure Drama,infinite storm,"Naomi Watts Billy Howle Sophie Okonedo Małgorzata Szumowska, Michał Englert Thriller Adventure Drama"
Roshan Sethi,Karan Soni,Geraldine Viswanathan,Mark Duplass,Romance Comedy,7 days,Karan Soni Geraldine Viswanathan Mark Duplass Roshan Sethi Romance Comedy
Chris Winterbauer,Cole Sprouse,Lana Condor,Mason Gooding,Comedy Romance Science Fiction,moonshot,Cole Sprouse Lana Condor Mason Gooding Chris Winterbauer Comedy Romance Science Fiction
Daniel Espinosa,Jared Leto,Matt Smith,Adria Arjona,Action Science Fiction Fantasy,morbius,Jared Leto Matt Smith Adria Arjona Daniel Espinosa Action Science Fiction Fantasy
Judd Apatow,Karen Gillan,Iris Apatow,Fred Armisen,Comedy,the bubble,Karen Gillan Iris Apatow Fred Armisen Judd Apatow Comedy
Tarik Saleh,Chris Pine,Ben Foster,Gillian Jacobs,Action Adventure Thriller,the contractor,Chris Pine Ben Foster Gillian Jacobs Tarik Saleh Action Adventure Thriller
Tim Federle,Rueby Wood,Joshua Bassett,Aria Brooks,Music Family Comedy,better nate than ever,Rueby Wood Joshua Bassett Aria Brooks Tim Federle Music Family Comedy
Jeff Fowler,James Marsden,Ben Schwartz,Tika Sumpter,Action Adventure Family Comedy,sonic the hedgehog 2,James Marsden Ben Schwartz Tika Sumpter Jeff Fowler Action Adventure Family Comedy
Michael Bay,Jake Gyllenhaal,Yahya Abdul-Mateen II,Eiza González,Thriller Action,ambulance,Jake Gyllenhaal Yahya Abdul-Mateen II Eiza González Michael Bay Thriller Action
Janus Metz Pedersen,Chris Pine,Thandiwe Newton,Laurence Fishburne,Thriller Action,all the old knives,Chris Pine Thandiwe Newton Laurence Fishburne Janus Metz Pedersen Thriller Action
Peter Sollett,Jaeden Martell,Isis Hainsworth,Adrian Greensmith,Comedy Drama Music,metal lords,Jaeden Martell Isis Hainsworth Adrian Greensmith Peter Sollett Comedy Drama Music
Rosalind Ross,Mark Wahlberg,Mel Gibson,Jacki Weaver,Drama,father stu,Mark Wahlberg Mel Gibson Jacki Weaver Rosalind Ross Drama
David Yates,Eddie Redmayne,Jude Law,Ezra Miller,Fantasy Adventure Family,fantastic beasts: the secrets of dumbledore,Eddie Redmayne Jude Law Ezra Miller David Yates Fantasy Adventure Family
Riley Stearns,Karen Gillan,Beulah Koale,Theo James,Science Fiction Comedy,dual,Karen Gillan Beulah Koale Theo James Riley Stearns Science Fiction Comedy
Toby Meakins,Asa Butterfield,Iola Evans,Eddie Marsan,Horror Thriller Science Fiction,choose or die,Asa Butterfield Iola Evans Eddie Marsan Toby Meakins Horror Thriller Science Fiction
Nick Lyon,Keesha Sharp,Jamie Bamber,Lydia Hearst,Thriller Horror Mystery,titanic 666,Keesha Sharp Jamie Bamber Lydia Hearst Nick Lyon Thriller Horror Mystery
Pierre Perifel,Sam Rockwell,Marc Maron,Craig Robinson,Animation Action Adventure Crime Comedy Family,the bad guys,Sam Rockwell Marc Maron Craig Robinson Pierre Perifel Animation Action Adventure Crime Comedy Family
Robert Eggers,Alexander Skarsgård,Nicole Kidman,Claes Bang,Action Adventure Fantasy,the northman,Alexander Skarsgård Nicole Kidman Claes Bang Robert Eggers Action Adventure Fantasy
Tom Gormican,Nicolas Cage,Pedro Pascal,Sharon Horgan,Action Comedy Crime,the unbearable weight of massive talent,Nicolas Cage Pedro Pascal Sharon Horgan Tom Gormican Action Comedy Crime
Barry Levinson,Ben Foster,Vicky Krieps,Billy Magnussen,History Action Drama,the survivor,Ben Foster Vicky Krieps Billy Magnussen Barry Levinson History Action Drama
Martin Campbell,Liam Neeson,Guy Pearce,Monica Bellucci,Action Thriller Crime,memory,Liam Neeson Guy Pearce Monica Bellucci Martin Campbell Action Thriller Crime
Sammi Cohen,Rowan Blanchard,Auliʻi Cravalho,Isabella Ferreira,Comedy Romance,crush,Rowan Blanchard Auliʻi Cravalho Isabella Ferreira Sammi Cohen Comedy Romance
Josh Sternfeld,Jesse Metcalfe,Bruce Willis,Chad Michael Murray,Action Thriller Crime,fortress: sniper's eye,Jesse Metcalfe Bruce Willis Chad Michael Murray Josh Sternfeld Action Thriller Crime
Michael D. Olmos,Charlie Clark,Kuno Becker,Marko Zaror,Action Fantasy Comedy,green ghost and the masters of the stone,Charlie Clark Kuno Becker Marko Zaror Michael D. Olmos Action Fantasy Comedy
Sean O'Reilly,Bruce Willis,Michael Rooker,unknown,Science Fiction Action Thriller Adventure,corrective measures,Bruce Willis Michael Rooker unknown Sean O'Reilly Science Fiction Action Thriller Adventure
Sam Raimi,Benedict Cumberbatch,Elizabeth Olsen,Chiwetel Ejiofor,Fantasy Action Adventure,doctor strange in the multiverse of madness,Benedict Cumberbatch Elizabeth Olsen Chiwetel Ejiofor Sam Raimi Fantasy Action Adventure
Sofia Alvarez,Emma Pasarow,Belmont Cameli,Kate Bosworth,Romance Drama,along for the ride,Emma Pasarow Belmont Cameli Kate Bosworth Sofia Alvarez Romance Drama
Mark A.Z. Dippé,Pete Davidson,J. K. Simmons,David Koechner,Animation Family Comedy Adventure,marmaduke,Pete Davidson J. K. Simmons David Koechner Mark A.Z. Dippé Animation Family Comedy Adventure
Emerson Moore,Jordan Claire Robbins,Theo Rossi,Tahirah Sharif,Thriller Horror,escape the field,Jordan Claire Robbins Theo Rossi Tahirah Sharif Emerson Moore Thriller Horror
John Madden,Colin Firth,Matthew Macfadyen,Kelly Macdonald,War History Drama,operation mincemeat,Colin Firth Matthew Macfadyen Kelly Macdonald John Madden War History Drama
Alex Hardcastle,Rebel Wilson,Sam Richardson,Zoë Chao,Comedy,senior year,Rebel Wilson Sam Richardson Zoë Chao Alex Hardcastle Comedy
Keith Thomas,Zac Efron,Ryan Kiera Armstrong,Sydney Lemmon,Horror Thriller Science Fiction,firestarter,Zac Efron Ryan Kiera Armstrong Sydney Lemmon Keith Thomas Horror Thriller Science Fiction
Elizabeth Allen Rosenbaum,Chosen Jacobs,Lexi Underwood,John Salley,Music Comedy Family,sneakerella,Chosen Jacobs Lexi Underwood John Salley Elizabeth Allen Rosenbaum Music Comedy Family
Jerrod Carmichael,Jerrod Carmichael,Christopher Abbott,Tiffany Haddish,Comedy Drama,on the count of three,Jerrod Carmichael Christopher Abbott Tiffany Haddish Jerrod Carmichael Comedy Drama
Chadd Harbold,Ashley Benson,Shiloh Fernandez,Logan Miller,Thriller Drama,private property,Ashley Benson Shiloh Fernandez Logan Miller Chadd Harbold Thriller Drama
Brian Cates,Tommy Woodward,Eddie James,Leigh-Allyn Baker,Comedy Family,family camp,Tommy Woodward Eddie James Leigh-Allyn Baker Brian Cates Comedy Family
Jared Cohn,Clive Standen,Theo Rossi,Mike Tyson,Action,vendetta,Clive Standen Theo Rossi Mike Tyson Jared Cohn Action
Simon Curtis,Hugh Bonneville,Elizabeth McGovern,Maggie Smith,Drama Romance,downton abbey: a new era,Hugh Bonneville Elizabeth McGovern Maggie Smith Simon Curtis Drama Romance
Akiva Schaffer,John Mulaney,Andy Samberg,Will Arnett,Animation Family Comedy Adventure Mystery,chip 'n dale: rescue rangers,John Mulaney Andy Samberg Will Arnett Akiva Schaffer Animation Family Comedy Adventure Mystery
Richard Wong,Eugenio Derbez,Samara Weaving,unknown,Comedy Romance,the valet,Eugenio Derbez Samara Weaving unknown Richard Wong Comedy Romance
Carey Williams,RJ Cyler,Sabrina Carpenter,unknown,Comedy Drama Thriller,emergency,RJ Cyler Sabrina Carpenter unknown Carey Williams Comedy Drama Thriller
Joseph Kosinski,Tom Cruise,Miles Teller,Jennifer Connelly,Action Drama,top gun: maverick,Tom Cruise Miles Teller Jennifer Connelly Joseph Kosinski Action Drama
"Loren Bouchard, Bernard Derriman",H. Jon Benjamin,Dan Mintz,Eugene Mirman,Animation Adventure Comedy,the bob's burgers movie,"H. Jon Benjamin Dan Mintz Eugene Mirman Loren Bouchard, Bernard Derriman Animation Adventure Comedy"
Rick Dugdale,Anthony Hopkins,Chris Brochu,Aleks Paunovic,Science Fiction Thriller,zero contact,Anthony Hopkins Chris Brochu Aleks Paunovic Rick Dugdale Science Fiction Thriller
Jonas Carpignano,Swamy Rotolo,Claudio Rotolo,Carmela Fumo,Drama,a chiara,Swamy Rotolo Claudio Rotolo Carmela Fumo Jonas Carpignano Drama
Trey Parker,Trey Parker,Matt Stone,April Stewart,Animation Comedy,south park the streaming wars,Trey Parker Matt Stone April Stewart Trey Parker Animation Comedy
Julia Hart,Elijah Richardson,Grace VanderWaal,Tyrel Jackson Williams,Comedy Romance Music,hollywood stargirl,Elijah Richardson Grace VanderWaal Tyrel Jackson Williams Julia Hart Comedy Romance Music
David Cronenberg,Viggo Mortensen,Léa Seydoux,Kristen Stewart,Horror Science Fiction,crimes of the future,Viggo Mortensen Léa Seydoux Kristen Stewart David Cronenberg Horror Science Fiction
Terence Davies,Jack Lowden,Peter Capaldi,Simon Russell Beale,Drama History War,benediction,Jack Lowden Peter Capaldi Simon Russell Beale Terence Davies Drama History War
Matthew Reilly,Elsa Pataky,Luke Bracey,unknown,Action Thriller Adventure,interceptor,Elsa Pataky Luke Bracey unknown Matthew Reilly Action Thriller Adventure
Andrew Ahn,Joel Kim Booster,Bowen Yang,Conrad Ricamora,Comedy Romance,fire island,Joel Kim Booster Bowen Yang Conrad Ricamora Andrew Ahn Comedy Romance
Chloe Okuno,Maika Monroe,Karl Glusman,Burn Gorman,Mystery Thriller Horror,watcher,Maika Monroe Karl Glusman Burn Gorman Chloe Okuno Mystery Thriller Horror
Rob Savage,Annie Hardy,unknown,unknown,Horror Thriller Comedy,dashcam,Annie Hardy unknown unknown Rob Savage Horror Thriller Comedy
Jesse V. Johnson,Michael Rooker,Bruce Willis,Olga Kurylenko,Action Crime Thriller,white elephant,Michael Rooker Bruce Willis Olga Kurylenko Jesse V. Johnson Action Crime Thriller
Jeremiah Zagar,Adam Sandler,Queen Latifah,Ben Foster,Drama Comedy,hustle,Adam Sandler Queen Latifah Ben Foster Jeremiah Zagar Drama Comedy
Colin Trevorrow,Chris Pratt,Bryce Dallas Howard,Laura Dern,Adventure Action Science Fiction,jurassic world dominion,Chris Pratt Bryce Dallas Howard Laura Dern Colin Trevorrow Adventure Action Science Fiction
Gaz Alazraki,Andy García,Gloria Estefan,Adria Arjona,Romance Comedy,father of the bride,Andy García Gloria Estefan Adria Arjona Gaz Alazraki Romance Comedy
Angus MacLane,Chris Evans,Keke Palmer,Peter Sohn,Animation Action Adventure Family Science Fiction,lightyear,Chris Evans Keke Palmer Peter Sohn Angus MacLane Animation Action Adventure Family Science Fiction
Joseph Kosinski,Chris Hemsworth,Miles Teller,Jurnee Smollett,Science Fiction Thriller,spiderhead,Chris Hemsworth Miles Teller Jurnee Smollett Joseph Kosinski Science Fiction Thriller
David Frankel,Bryan Cranston,Annette Bening,Rainn Wilson,Comedy Drama,jerry & marge go large,Bryan Cranston Annette Bening Rainn Wilson David Frankel Comedy Drama
Cooper Raiff,Cooper Raiff,Dakota Johnson,Raúl Castillo,Comedy Drama Romance,cha cha real smooth,Cooper Raiff Dakota Johnson Raúl Castillo Cooper Raiff Comedy Drama Romance
Sonja O'Hara,Shane West,Sarah Hay,Bruce Dern,Horror Thriller,mid-century,Shane West Sarah Hay Bruce Dern Sonja O'Hara Horror Thriller
Spencer Squire,Emma Roberts,John Gallagher Jr.,Michael Shannon,Horror Mystery Thriller,abandoned,Emma Roberts John Gallagher Jr. Michael Shannon Spencer Squire Horror Mystery Thriller
Mike Judge,Mike Judge,Gary Cole,Chris Diamantopoulos,Animation Comedy Science Fiction,beavis and butt-head do the universe,Mike Judge Gary Cole Chris Diamantopoulos Mike Judge Animation Comedy Science Fiction
Baz Luhrmann,Austin Butler,Tom Hanks,Olivia DeJonge,Drama Music History,elvis,Austin Butler Tom Hanks Olivia DeJonge Baz Luhrmann Drama Music History
Scott Derrickson,Ethan Hawke,Mason Thames,Madeleine McGraw,Horror Thriller,the black phone,Ethan Hawke Mason Thames Madeleine McGraw Scott Derrickson Horror Thriller
Patrick Hughes,Kevin Hart,Woody Harrelson,Kaley Cuoco,Action Adventure Comedy,the man from toronto,Kevin Hart Woody Harrelson Kaley Cuoco Patrick Hughes Action Adventure Comedy
Chris Williams,Karl Urban,Zaris-Angel Hator,Jared Harris,Animation Adventure Family Fantasy,the sea beast,Karl Urban Zaris-Angel Hator Jared Harris Chris Williams Animation Adventure Family Fantasy
Dean Fleischer-Camp,Jenny Slate,Rosa Salazar,Thomas Mann,Animation Comedy Family Drama Adventure,marcel the shell with shoes on,Jenny Slate Rosa Salazar Thomas Mann Dean Fleischer-Camp Animation Comedy Family Drama Adventure
Akin Omotoso,Uche Agada,Ral Agada,Jaden Osimuwa,Drama,rise,Uche Agada Ral Agada Jaden Osimuwa Akin Omotoso Drama
Greg Björkman,Clara Rugaard,Lewis Pullman,Lyrica Okano,Music Romance Fantasy Drama Science Fiction,press play,Clara Rugaard Lewis Pullman Lyrica Okano Greg Björkman Music Romance Fantasy Drama Science Fiction
Andrew Dosunmu,Gracie Marie Bradley,Niecy Nash,Aleyse Shannon,Romance Drama Music,beauty,Gracie Marie Bradley Niecy Nash Aleyse Shannon Andrew Dosunmu Romance Drama Music
Kyle Balda,Steve Carell,Taraji P. Henson,Michelle Yeoh,Animation Comedy Family,minions: the rise of gru,Steve Carell Taraji P. Henson Michelle Yeoh Kyle Balda Animation Comedy Family
John Michael McDonagh,Ralph Fiennes,Jessica Chastain,Matt Smith,Drama,the forgiven,Ralph Fiennes Jessica Chastain Matt Smith John Michael McDonagh Drama
Emma Holly Jones,Freida Pinto,Sope Dirisu,Oliver Jackson-Cohen,Comedy Drama Romance,mr. malcolm's list,Freida Pinto Sope Dirisu Oliver Jackson-Cohen Emma Holly Jones Comedy Drama Romance
Le-Van Kiet,Joey King,Dominic Cooper,Olga Kurylenko,Action Fantasy,the princess,Joey King Dominic Cooper Olga Kurylenko Le-Van Kiet Action Fantasy
James Cullen Bressack,Kevin Dillon,Mel Gibson,Shannen Doherty,Thriller,hot seat,Kevin Dillon Mel Gibson Shannen Doherty James Cullen Bressack Thriller
Michael Lewen,Talia Ryder,Jordan Fisher,Ayo Edebiri,Romance Drama,"hello, goodbye, and everything in between",Talia Ryder Jordan Fisher Ayo Edebiri Michael Lewen Romance Drama
Taika Waititi,Chris Hemsworth,Christian Bale,Tessa Thompson,Fantasy Action Comedy,thor: love and thunder,Chris Hemsworth Christian Bale Tessa Thompson Taika Waititi Fantasy Action Comedy
Trey Parker,Trey Parker,Matt Stone,April Stewart,Animation Comedy,south park the streaming wars part 2,Trey Parker Matt Stone April Stewart Trey Parker Animation Comedy
"Anthony Russo, Joe Russo",Ryan Gosling,Chris Evans,Ana de Armas,Action Thriller,the gray man,"Ryan Gosling Chris Evans Ana de Armas Anthony Russo, Joe Russo Action Thriller"
Olivia Newman,Daisy Edgar-Jones,Taylor John Smith,Harris Dickinson,Mystery Drama Thriller,where the crawdads sing,Daisy Edgar-Jones Taylor John Smith Harris Dickinson Olivia Newman Mystery Drama Thriller
"Rob Minkoff, Mark Koetsier",Michael Cera,Ricky Gervais,Mel Brooks,Animation Action Adventure Comedy Family Western,paws of fury: the legend of hank,"Michael Cera Ricky Gervais Mel Brooks Rob Minkoff, Mark Koetsier Animation Action Adventure Comedy Family Western"
Carrie Cracknell,Dakota Johnson,Cosmo Jarvis,Nikki Amuka-Bird,Romance Drama Comedy,persuasion,Dakota Johnson Cosmo Jarvis Nikki Amuka-Bird Carrie Cracknell Romance Drama Comedy
Eli Horowitz,Winona Ryder,Dermot Mulroney,John Gallagher Jr.,Thriller Mystery Drama,gone in the night,Winona Ryder Dermot Mulroney John Gallagher Jr. Eli Horowitz Thriller Mystery Drama
Kyle Newman,Paris Berelc,Taylor Zakhar Perez,Hari Nef,Comedy,1up,Paris Berelc Taylor Zakhar Perez Hari Nef Kyle Newman Comedy
Mike Burns,Ashley Greene,Bruce Willis,unknown,Thriller,wrong place,Ashley Greene Bruce Willis unknown Mike Burns Thriller
Hannah Marks,John Cho,Mia Isaac,unknown,Drama,don't make me go,John Cho Mia Isaac unknown Hannah Marks Drama
Jacob Aaron Estes,Iris Serena Estes,Lucas Steel Estes,unknown,Horror,he's watching,Iris Serena Estes Lucas Steel Estes unknown Jacob Aaron Estes Horror
Jordan Peele,Daniel Kaluuya,Keke Palmer,Steven Yeun,Horror Mystery Science Fiction,nope,Daniel Kaluuya Keke Palmer Steven Yeun Jordan Peele Horror Mystery Science Fiction
Billy Porter,Eva Reign,Abubakr Ali,Renée Elise Goldsberry,Romance Comedy Drama,anything's possible,Eva Reign Abubakr Ali Renée Elise Goldsberry Billy Porter Romance Comedy Drama
Katie Holmes,Katie Holmes,Jim Sturgess,Derek Luke,Romance Drama,alone together,Katie Holmes Jim Sturgess Derek Luke Katie Holmes Romance Drama
Jared Stern,Dwayne Johnson,Kevin Hart,Kate McKinnon,Animation Action Family Comedy Science Fiction,dc league of super-pets,Dwayne Johnson Kevin Hart Kate McKinnon Jared Stern Animation Action Family Comedy Science Fiction
Ron Howard,Viggo Mortensen,Colin Farrell,Joel Edgerton,Drama Thriller Action Adventure,thirteen lives,Viggo Mortensen Colin Farrell Joel Edgerton Ron Howard Drama Thriller Action Adventure
B. J. Novak,B. J. Novak,Boyd Holbrook,Dove Cameron,Thriller Mystery Comedy,vengeance,B. J. Novak Boyd Holbrook Dove Cameron B. J. Novak Thriller Mystery Comedy
Lena Dunham,Kristine Froseth,Jon Bernthal,Luka Sabbat,Comedy,sharp stick,Kristine Froseth Jon Bernthal Luka Sabbat Lena Dunham Comedy
Quinn Shephard,Zoey Deutch,Mia Isaac,Nadia Alexander,Comedy Drama,not okay,Zoey Deutch Mia Isaac Nadia Alexander Quinn Shephard Comedy Drama
Anna Gutto,Juliette Binoche,Frank Grillo,Hala Finley,Thriller Crime Drama,paradise highway,Juliette Binoche Frank Grillo Hala Finley Anna Gutto Thriller Crime Drama
Andrew Semans,Rebecca Hall,Grace Kaufman,Michael Esper,Thriller Mystery Horror Drama,resurrection,Rebecca Hall Grace Kaufman Michael Esper Andrew Semans Thriller Mystery Horror Drama
Max Walker-Silverman,Dale Dickey,Wes Studi,unknown,Drama Romance,a love song,Dale Dickey Wes Studi unknown Max Walker-Silverman Drama Romance
Oran Zegman,Angourie Rice,Gaten Matarazzo,Christopher Mintz-Plasse,Comedy,honor society,Angourie Rice Gaten Matarazzo Christopher Mintz-Plasse Oran Zegman Comedy
Spider One,John Ennis,Bryce Johnson,Edward Hong,Horror,allegoria,John Ennis Bryce Johnson Edward Hong Spider One Horror
David Leitch,Brad Pitt,Joey King,Aaron Taylor-Johnson,Action Comedy Thriller,bullet train,Brad Pitt Joey King Aaron Taylor-Johnson David Leitch Action Comedy Thriller
Peggy Holmes,Eva Noblezada,Simon Pegg,Jane Fonda,Animation Adventure Comedy Fantasy,luck,Eva Noblezada Simon Pegg Jane Fonda Peggy Holmes Animation Adventure Comedy Fantasy
Dan Trachtenberg,Amber Midthunder,Dakota Beavers,Michelle Thrush,Thriller Action Science Fiction,prey,Amber Midthunder Dakota Beavers Michelle Thrush Dan Trachtenberg Thriller Action Science Fiction
Jay Chandrasekhar,Jo Koy,Jimmy O. Yang,Tia Carrere,Comedy,easter sunday,Jo Koy Jimmy O. Yang Tia Carrere Jay Chandrasekhar Comedy
"Ant Ward, Andy Suriano",Ben Schwartz,Omar Benson Miller,Brandon Mychal Smith,Animation Action Science Fiction,rise of the teenage mutant ninja turtles: the movie,"Ben Schwartz Omar Benson Miller Brandon Mychal Smith Ant Ward, Andy Suriano Animation Action Science Fiction"
Halina Reijn,Amandla Stenberg,Maria Bakalova,Myha'la Herrold,Comedy Horror Thriller,bodies bodies bodies,Amandla Stenberg Maria Bakalova Myha'la Herrold Halina Reijn Comedy Horror Thriller
John Logan,Kevin Bacon,Carrie Preston,Anna Chlumsky,Horror Thriller,they/them,Kevin Bacon Carrie Preston Anna Chlumsky John Logan Horror Thriller
J. J. Perry,Jamie Foxx,Dave Franco,Natasha Liu Bordizzo,Action Fantasy Horror Comedy,day shift,Jamie Foxx Dave Franco Natasha Liu Bordizzo J. J. Perry Action Fantasy Horror Comedy
Katie Aselton,Diane Keaton,Taylour Paige,Elizabeth Lail,Comedy Fantasy,mack & rita,Diane Keaton Taylour Paige Elizabeth Lail Katie Aselton Comedy Fantasy
Scott Mann,Grace Caroline Currey,Virginia Gardner,Mason Gooding,Thriller,fall,Grace Caroline Currey Virginia Gardner Mason Gooding Scott Mann Thriller
John Patton Ford,Aubrey Plaza,Theo Rossi,Megalyn Echikunwoke,Crime Drama Thriller,emily the criminal,Aubrey Plaza Theo Rossi Megalyn Echikunwoke John Patton Ford Crime Drama Thriller
James Ponsoldt,Lia Barnett,Lake Bell,Sarah Cooper,Drama,summering,Lia Barnett Lake Bell Sarah Cooper James Ponsoldt Drama
Baltasar Kormákur,Idris Elba,Iyana Halley,Leah Sava Jeffries,Thriller Action Horror Adventure Drama,beast,Idris Elba Iyana Halley Leah Sava Jeffries Baltasar Kormákur Thriller Action Horror Adventure Drama
William Brent Bell,Isabelle Fuhrman,Rossif Sutherland,Hiro Kanagawa,Horror Thriller,orphan: first kill,Isabelle Fuhrman Rossif Sutherland Hiro Kanagawa William Brent Bell Horror Thriller
Jeff Baena,Alison Brie,Alessandro Nivola,Molly Shannon,Romance Comedy,spin me round,Alison Brie Alessandro Nivola Molly Shannon Jeff Baena Romance Comedy
Robert Budreau,Stephan James,Marisa Tomei,Paul Walter Hauser,Mystery Thriller Crime Drama,delia's gone,Stephan James Marisa Tomei Paul Walter Hauser Robert Budreau Mystery Thriller Crime Drama
George Miller,Idris Elba,Tilda Swinton,unknown,Drama Adventure Fantasy Romance,three thousand years of longing,Idris Elba Tilda Swinton unknown George Miller Drama Adventure Fantasy Romance
Julius Avery,Sylvester Stallone,Javon Walton,Pilou Asbæk,Action Crime Fantasy Science Fiction,samaritan,Sylvester Stallone Javon Walton Pilou Asbæk Julius Avery Action Crime Fantasy Science Fiction
John Hamburg,Kevin Hart,Mark Wahlberg,Regina Hall,Comedy,me time,Kevin Hart Mark Wahlberg Regina Hall John Hamburg Comedy
Jessica M. Thompson,Nathalie Emmanuel,Thomas Doherty,Stephanie Corneliussen,Horror Thriller,the invitation,Nathalie Emmanuel Thomas Doherty Stephanie Corneliussen Jessica M. Thompson Horror Thriller
Abi Damaris Corbin,John Boyega,Nicole Beharie,Selenis Leyva,Crime Drama Thriller,breaking,John Boyega Nicole Beharie Selenis Leyva Abi Damaris Corbin Crime Drama Thriller
Owen Kline,Daniel Zolghadri,Matthew Maher,Miles Emanuel,Comedy,funny pages,Daniel Zolghadri Matthew Maher Miles Emanuel Owen Kline Comedy
Adamma Ebo,Regina Hall,Sterling K. Brown,Austin Crute,Comedy,honk for jesus. save your soul.,Regina Hall Sterling K. Brown Austin Crute Adamma Ebo Comedy
Nick Hamm,Marcia Gay Harden,Charlie Rowe,Josephine Langford,Drama,gigi & nate,Marcia Gay Harden Charlie Rowe Josephine Langford Nick Hamm Drama
Matt Eskandari,Kevin Dillon,Bruce Willis,unknown,Action Crime Thriller,wire room,Kevin Dillon Bruce Willis unknown Matt Eskandari Action Crime Thriller
Andrew Baird,Colson Baker,Kevin Bacon,Travis Fimmel,Action Crime Thriller,one way,Colson Baker Kevin Bacon Travis Fimmel Andrew Baird Action Crime Thriller
Castille Landon,Hero Fiennes-Tiffin,Josephine Langford,Louise Lombard,Romance Drama,after ever happy,Hero Fiennes-Tiffin Josephine Langford Louise Lombard Castille Landon Romance Drama
Robert Zemeckis,Tom Hanks,Benjamin Evan Ainsworth,Joseph Gordon-Levitt,Fantasy Adventure Family,pinocchio,Tom Hanks Benjamin Evan Ainsworth Joseph Gordon-Levitt Robert Zemeckis Fantasy Adventure Family
Zach Cregger,Georgina Campbell,Bill Skarsgård,Justin Long,Horror Mystery Thriller,barbarian,Georgina Campbell Bill Skarsgård Justin Long Zach Cregger Horror Mystery Thriller
Millicent Shelton,Queen Latifah,Ludacris,Beau Bridges,Crime Drama,end of the road,Queen Latifah Ludacris Beau Bridges Millicent Shelton Crime Drama
Kevin Peeples,Kirk Cameron,Alex Kendrick,Raphael Ruggero,Drama,lifemark,Kirk Cameron Alex Kendrick Raphael Ruggero Kevin Peeples Drama
Kevin Smith,Brian O'Halloran,Jeff Anderson,Trevor Fehrman,Comedy,clerks iii,Brian O'Halloran Jeff Anderson Trevor Fehrman Kevin Smith Comedy
Gina Prince-Bythewood,Viola Davis,Thuso Mbedu,Lashana Lynch,Action Drama History,the woman king,Viola Davis Thuso Mbedu Lashana Lynch Gina Prince-Bythewood Action Drama History
Tom George,Saoirse Ronan,Sam Rockwell,Adrien Brody,Mystery Comedy Thriller,see how they run,Saoirse Ronan Sam Rockwell Adrien Brody Tom George Mystery Comedy Thriller
Andrew Dominik,Ana de Armas,Adrien Brody,Bobby Cannavale,Drama,blonde,Ana de Armas Adrien Brody Bobby Cannavale Andrew Dominik Drama
Ti West,Mia Goth,David Corenswet,Tandi Wright,Horror,pearl,Mia Goth David Corenswet Tandi Wright Ti West Horror
Jennifer Kaytin Robinson,Camila Mendes,Maya Hawke,Austin Abrams,Comedy,do revenge,Camila Mendes Maya Hawke Austin Abrams Jennifer Kaytin Robinson Comedy
Agnieszka Smoczyńska,Letitia Wright,Tamara Lawrance,Nadine Marshall,Drama,the silent twins,Letitia Wright Tamara Lawrance Nadine Marshall Agnieszka Smoczyńska Drama
Greg Mottola,Jon Hamm,Marcia Gay Harden,Kyle MacLachlan,Crime Comedy Mystery,"confess, fletch",Jon Hamm Marcia Gay Harden Kyle MacLachlan Greg Mottola Crime Comedy Mystery
Brett Morgen,David Bowie,unknown,unknown,Documentary Music,moonage daydream,David Bowie unknown unknown Brett Morgen Documentary Music
Julian Higgins,Thandiwe Newton,Jeremy Bobb,Joris Jarsky,Mystery Thriller Western Drama,god's country,Thandiwe Newton Jeremy Bobb Joris Jarsky Julian Higgins Mystery Thriller Western Drama
Matt Sobel,Naomi Watts,Cameron Crovetti,Nicholas Crovetti,Horror Drama Thriller Mystery,goodnight mommy,Naomi Watts Cameron Crovetti Nicholas Crovetti Matt Sobel Horror Drama Thriller Mystery
Timo Vuorensola,Sydney Craven,Imran Adams,Jarreau Benjamin,Horror Thriller Mystery,jeepers creepers: reborn,Sydney Craven Imran Adams Jarreau Benjamin Timo Vuorensola Horror Thriller Mystery
Olivia Wilde,Florence Pugh,Harry Styles,Olivia Wilde,Thriller Mystery Science Fiction,don't worry darling,Florence Pugh Harry Styles Olivia Wilde Olivia Wilde Thriller Mystery Science Fiction
Lena Dunham,Bella Ramsey,Billie Piper,Andrew Scott,Adventure Comedy,catherine called birdy,Bella Ramsey Billie Piper Andrew Scott Lena Dunham Adventure Comedy
Anna Foerster,Allison Janney,Jurnee Smollett,Logan Marshall-Green,Action Thriller,lou,Allison Janney Jurnee Smollett Logan Marshall-Green Anna Foerster Action Thriller
Sanaa Lathan,Jamila C. Gray,Da'Vine Joy Randolph,Lil Yachty,Drama Music,on the come up,Jamila C. Gray Da'Vine Joy Randolph Lil Yachty Sanaa Lathan Drama Music
Tyler Perry,Joshua Boone,Amirah Vann,Solea Pfeiffer,Drama Romance,a jazzman's blues,Joshua Boone Amirah Vann Solea Pfeiffer Tyler Perry Drama Romance
Rob Zombie,Jeff Daniel Phillips,Sheri Moon Zombie,Daniel Roebuck,Comedy Fantasy,the munsters,Jeff Daniel Phillips Sheri Moon Zombie Daniel Roebuck Rob Zombie Comedy Fantasy
Parker Finn,Sosie Bacon,Jessie T. Usher,Kyle Gallner,Horror Mystery Thriller,smile,Sosie Bacon Jessie T. Usher Kyle Gallner Parker Finn Horror Mystery Thriller
Nicholas Stoller,Billy Eichner,Luke Macfarlane,Ts Madison,Animation Family Adventure Fantasy Comedy,bros,Billy Eichner Luke Macfarlane Ts Madison Nicholas Stoller Animation Family Adventure Fantasy Comedy
Anne Fletcher,Bette Midler,Sarah Jessica Parker,Kathy Najimy,Fantasy Comedy Family,hocus pocus 2,Bette Midler Sarah Jessica Parker Kathy Najimy Anne Fletcher Fantasy Comedy Family
Peter Farrelly,Zac Efron,Russell Crowe,Bill Murray,Drama Comedy War History,the greatest beer run ever,Zac Efron Russell Crowe Bill Murray Peter Farrelly Drama Comedy War History
Mike Barker,Mila Kunis,Finn Wittrock,Scoot McNairy,Drama Thriller Mystery,luckiest girl alive,Mila Kunis Finn Wittrock Scoot McNairy Mike Barker Drama Thriller Mystery
"Saela Davis, Anna Rose Holmer",Emily Watson,Paul Mescal,Aisling Franciosi,Drama,god's creatures,"Emily Watson Paul Mescal Aisling Franciosi Saela Davis, Anna Rose Holmer Drama"
Walter Hill,Christoph Waltz,Willem Dafoe,Rachel Brosnahan,Western Thriller,dead for a dollar,Christoph Waltz Willem Dafoe Rachel Brosnahan Walter Hill Western Thriller
Damon Thomas,Elsie Fisher,Amiah Miller,Cathy Ang,Horror Comedy,my best friend's exorcism,Elsie Fisher Amiah Miller Cathy Ang Damon Thomas Horror Comedy
Sara Lohman,Mark Hapka,Megan Davis,Mellisa Marty,Drama History Thriller Crime,hot take: the depp/heard trial,Mark Hapka Megan Davis Mellisa Marty Sara Lohman Drama History Thriller Crime
John Lee Hancock,Jaeden Martell,Donald Sutherland,Joe Tippett,Drama Thriller Horror Mystery,mr. harrigan's phone,Jaeden Martell Donald Sutherland Joe Tippett John Lee Hancock Drama Thriller Horror Mystery
Damien Leone,Lauren LaVera,Elliot Fullam,Sarah Voigt,Horror,terrifier 2,Lauren LaVera Elliot Fullam Sarah Voigt Damien Leone Horror
"Will Speck, Josh Gordon",Javier Bardem,Constance Wu,Winslow Fegley,Comedy Family Music,"lyle, lyle, crocodile","Javier Bardem Constance Wu Winslow Fegley Will Speck, Josh Gordon Comedy Family Music"
David O. Russell,Christian Bale,Margot Robbie,John David Washington,Comedy Crime Thriller Mystery,amsterdam,Christian Bale Margot Robbie John David Washington David O. Russell Comedy Crime Thriller Mystery
Todd Field,Cate Blanchett,Noémie Merlant,Nina Hoss,Drama Music,tár,Cate Blanchett Noémie Merlant Nina Hoss Todd Field Drama Music
David Bruckner,Odessa A'zion,Jamie Clayton,Adam Faison,Horror Mystery,hellraiser,Odessa A'zion Jamie Clayton Adam Faison David Bruckner Horror Mystery
David Gordon Green,Jamie Lee Curtis,Andi Matichak,James Jude Courtney,Horror Thriller,halloween ends,Jamie Lee Curtis Andi Matichak James Jude Courtney David Gordon Green Horror Thriller
Chinonye Chukwu,Danielle Deadwyler,Jalyn Hall,Kevin Carroll,Drama History,till,Danielle Deadwyler Jalyn Hall Kevin Carroll Chinonye Chukwu Drama History
Karen Maine,Kaitlyn Dever,Isabela Merced,Kyle Allen,Romance Drama Comedy,rosaline,Kaitlyn Dever Isabela Merced Kyle Allen Karen Maine Romance Drama Comedy
Rodrigo García,Ewan McGregor,Ethan Hawke,Maribel Verdú,Drama Comedy,raymond & ray,Ewan McGregor Ethan Hawke Maribel Verdú Rodrigo García Drama Comedy
Claire Denis,Margaret Qualley,Joe Alwyn,Benny Safdie,Drama Romance Thriller,stars at noon,Margaret Qualley Joe Alwyn Benny Safdie Claire Denis Drama Romance Thriller
Jeff Wadlow,Marlon Wayans,Priah Ferguson,Kelly Rowland,Adventure Comedy Horror Family,the curse of bridge hollow,Marlon Wayans Priah Ferguson Kelly Rowland Jeff Wadlow Adventure Comedy Horror Family
Bill Posley,Tony Todd,unknown,unknown,Horror Mystery Thriller,bitch ass,Tony Todd unknown unknown Bill Posley Horror Mystery Thriller
Paul Feig,Sophia Anne Caruso,Sofia Wylie,Laurence Fishburne,Fantasy,the school for good and evil,Sophia Anne Caruso Sofia Wylie Laurence Fishburne Paul Feig Fantasy
Tobias Lindholm,Jessica Chastain,Eddie Redmayne,Nnamdi Asomugha,Drama Crime Mystery,the good nurse,Jessica Chastain Eddie Redmayne Nnamdi Asomugha Tobias Lindholm Drama Crime Mystery
Jaume Collet-Serra,Dwayne Johnson,Aldis Hodge,Noah Centineo,Action Adventure Science Fiction Fantasy,black adam,Dwayne Johnson Aldis Hodge Noah Centineo Jaume Collet-Serra Action Adventure Science Fiction Fantasy
Ol Parker,George Clooney,Julia Roberts,Kaitlyn Dever,Romance Comedy,ticket to paradise,George Clooney Julia Roberts Kaitlyn Dever Ol Parker Romance Comedy
Henry Selick,Keegan-Michael Key,Jordan Peele,Lyric Ross,Animation Comedy Fantasy Adventure,wendell & wild,Keegan-Michael Key Jordan Peele Lyric Ross Henry Selick Animation Comedy Fantasy Adventure
Martin McDonagh,Colin Farrell,Brendan Gleeson,Kerry Condon,Drama Comedy,the banshees of inisherin,Colin Farrell Brendan Gleeson Kerry Condon Martin McDonagh Drama Comedy
Michael Grandage,Harry Styles,Emma Corrin,David Dawson,Drama Romance,my policeman,Harry Styles Emma Corrin David Dawson Michael Grandage Drama Romance
Charlotte Wells,Paul Mescal,Francesca Corio,Celia Rowlson-Hall,Drama,aftersun,Paul Mescal Francesca Corio Celia Rowlson-Hall Charlotte Wells Drama
Edward John Drake,Bruce Willis,Lochlyn Munro,Jimmy Jean-Louis,Action Crime Thriller,detective knight: rogue,Bruce Willis Lochlyn Munro Jimmy Jean-Louis Edward John Drake Action Crime Thriller
James Gray,Anne Hathaway,Jeremy Strong,Banks Repeta,Drama,armageddon time,Anne Hathaway Jeremy Strong Banks Repeta James Gray Drama
Phyllis Nagy,Elizabeth Banks,Sigourney Weaver,Chris Messina,Drama History,call jane,Elizabeth Banks Sigourney Weaver Chris Messina Phyllis Nagy Drama History
Lila Neugebauer,Jennifer Lawrence,Brian Tyree Henry,Linda Emond,Drama,causeway,Jennifer Lawrence Brian Tyree Henry Linda Emond Lila Neugebauer Drama
Daniel Stamm,Jacqueline Byers,Colin Salmon,Christian Navarro,Horror Thriller,prey for the devil,Jacqueline Byers Colin Salmon Christian Navarro Daniel Stamm Horror Thriller
Shana Feste,Ella Balinska,Pilou Asbæk,Clark Gregg,Thriller Horror,run sweetheart run,Ella Balinska Pilou Asbæk Clark Gregg Shana Feste Thriller Horror
Sebastián Lelio,Florence Pugh,Tom Burke,Niamh Algar,Drama Mystery,the wonder,Florence Pugh Tom Burke Niamh Algar Sebastián Lelio Drama Mystery
Amy Rice,Brian Cox,Jodie Turner-Smith,Luke Kirby,Thriller Drama,the independent,Brian Cox Jodie Turner-Smith Luke Kirby Amy Rice Thriller Drama
Harry Bradbeer,Millie Bobby Brown,Henry Cavill,David Thewlis,Adventure Mystery Comedy Crime,enola holmes 2,Millie Bobby Brown Henry Cavill David Thewlis Harry Bradbeer Adventure Mystery Comedy Crime
Nora Twomey,Jacob Tremblay,Gaten Matarazzo,Golshifteh Farahani,Animation Adventure Family Fantasy Comedy,my father's dragon,Jacob Tremblay Gaten Matarazzo Golshifteh Farahani Nora Twomey Animation Adventure Family Fantasy Comedy
Eric Appel,Daniel Radcliffe,Evan Rachel Wood,Rainn Wilson,Music Comedy,weird: the al yankovic story,Daniel Radcliffe Evan Rachel Wood Rainn Wilson Eric Appel Music Comedy
Dean Craig,Toni Collette,Anna Faris,David Duchovny,Comedy Drama,the estate,Toni Collette Anna Faris David Duchovny Dean Craig Comedy Drama
Michael Mailer,Cole Hauser,Jaimie Alexander,Morgan Freeman,Thriller Crime,the minute you wake up dead,Cole Hauser Jaimie Alexander Morgan Freeman Michael Mailer Thriller Crime
Romuald Boulanger,Mel Gibson,Kevin Dillon,unknown,Thriller,on the line,Mel Gibson Kevin Dillon unknown Romuald Boulanger Thriller
Gren Wells,Sadie Sink,Theo Rossi,Kweku Collins,Drama,dear zoe,Sadie Sink Theo Rossi Kweku Collins Gren Wells Drama
"Justin Benson, Aaron Moorhead",Justin Benson,Aaron Moorhead,unknown,Science Fiction Mystery,something in the dirt,"Justin Benson Aaron Moorhead unknown Justin Benson, Aaron Moorhead Science Fiction Mystery"
"Guillermo del Toro, Mark Gustafson",Ewan McGregor,David Bradley,Gregory Mann,Animation Fantasy Drama Music,guillermo del toro's pinocchio,"Ewan McGregor David Bradley Gregory Mann Guillermo del Toro, Mark Gustafson Animation Fantasy Drama Music"
Janeen Damian,Lindsay Lohan,Chord Overstreet,George Young,Romance Comedy Family,falling for christmas,Lindsay Lohan Chord Overstreet George Young Janeen Damian Romance Comedy Family
Ryan Coogler,Letitia Wright,Lupita Nyong'o,Danai Gurira,Action Adventure Science Fiction,black panther: wakanda forever,Letitia Wright Lupita Nyong'o Danai Gurira Ryan Coogler Action Adventure Science Fiction
Steven Spielberg,Michelle Williams,Paul Dano,Seth Rogen,Drama,the fabelmans,Michelle Williams Paul Dano Seth Rogen Steven Spielberg Drama
Sean Anders,Will Ferrell,Ryan Reynolds,Octavia Spencer,Comedy,spirited,Will Ferrell Ryan Reynolds Octavia Spencer Sean Anders Comedy
Chuck Russell,John Travolta,Bruce Willis,unknown,Action Crime Thriller,paradise city,John Travolta Bruce Willis unknown Chuck Russell Action Crime Thriller
Russell Crowe,Russell Crowe,Liam Hemsworth,Elsa Pataky,Thriller,poker face,Russell Crowe Liam Hemsworth Elsa Pataky Russell Crowe Thriller
Clay Kaytis,Peter Billingsley,Erinn Hayes,Ian Petrella,Family Comedy Drama,a christmas story christmas,Peter Billingsley Erinn Hayes Ian Petrella Clay Kaytis Family Comedy Drama
Gabriela Tagliavini,Aimee Garcia,Freddie Prinze Jr.,unknown,Romance Comedy,christmas with you,Aimee Garcia Freddie Prinze Jr. unknown Gabriela Tagliavini Romance Comedy
Maria Schrader,Carey Mulligan,Zoe Kazan,Patricia Clarkson,Drama History,she said,Carey Mulligan Zoe Kazan Patricia Clarkson Maria Schrader Drama History
Mark Mylod,Ralph Fiennes,Anya Taylor-Joy,Nicholas Hoult,Horror Thriller Comedy,the menu,Ralph Fiennes Anya Taylor-Joy Nicholas Hoult Mark Mylod Horror Thriller Comedy
Adam Shankman,Amy Adams,Patrick Dempsey,Maya Rudolph,Comedy Family Fantasy,disenchanted,Amy Adams Patrick Dempsey Maya Rudolph Adam Shankman Comedy Family Fantasy
Francis Lawrence,Jason Momoa,Marlow Barkley,Chris O'Dowd,Family Fantasy,slumberland,Jason Momoa Marlow Barkley Chris O'Dowd Francis Lawrence Family Fantasy
Luca Guadagnino,Taylor Russell,Timothée Chalamet,Michael Stuhlbarg,Drama Horror Romance,bones and all,Taylor Russell Timothée Chalamet Michael Stuhlbarg Luca Guadagnino Drama Horror Romance
Elegance Bratton,Jeremy Pope,Raúl Castillo,McCaul Lombardi,Drama,the inspection,Jeremy Pope Raúl Castillo McCaul Lombardi Elegance Bratton Drama
Stephen Donnelly,Luke Evans,Olivia Colman,Jessie Buckley,Animation Family Fantasy,scrooge: a christmas carol,Luke Evans Olivia Colman Jessie Buckley Stephen Donnelly Animation Family Fantasy
Robert Moresco,Frank Grillo,Mira Sorvino,Gabriel Byrne,Drama History,lamborghini: the man behind the legend,Frank Grillo Mira Sorvino Gabriel Byrne Robert Moresco Drama History
Claire Scanlon,Allison Janney,Kristen Bell,Ben Platt,Comedy,the people we hate at the wedding,Allison Janney Kristen Bell Ben Platt Claire Scanlon Comedy
Phil Hawkins,James Cromwell,Sarah-Jane Potts,Aaron McCusker,Family Fantasy,prancer: a christmas tale,James Cromwell Sarah-Jane Potts Aaron McCusker Phil Hawkins Family Fantasy
Don Hall,Jake Gyllenhaal,Dennis Quaid,Jaboukie Young-White,Animation Family Adventure Science Fiction,strange world,Jake Gyllenhaal Dennis Quaid Jaboukie Young-White Don Hall Animation Family Adventure Science Fiction
Rian Johnson,Daniel Craig,Edward Norton,Janelle Monáe,Comedy Crime Mystery,glass onion: a knives out mystery,Daniel Craig Edward Norton Janelle Monáe Rian Johnson Comedy Crime Mystery
J. D. Dillard,Jonathan Majors,Glen Powell,Christina Jackson,War Drama Action,devotion,Jonathan Majors Glen Powell Christina Jackson J. D. Dillard War Drama Action
Nikyatu Jusu,Anna Diop,Michelle Monaghan,Sinqua Walls,Drama Horror,nanny,Anna Diop Michelle Monaghan Sinqua Walls Nikyatu Jusu Drama Horror
Alex Ranarivelo,Violet McGraw,Eddie Cibrian,Christoph Sanders,Family Comedy Drama Mystery,a christmas mystery,Violet McGraw Eddie Cibrian Christoph Sanders Alex Ranarivelo Family Comedy Drama Mystery
Shaun Paul Piccinino,Annelise Cepero,Jeremy Sumpter,Brooke Shields,Romance Comedy Music,holiday harmony,Annelise Cepero Jeremy Sumpter Brooke Shields Shaun Paul Piccinino Romance Comedy Music
Charles Shyer,Justin Hartley,Barrett Doss,unknown,Romance Comedy Drama,the noel diary,Justin Hartley Barrett Doss unknown Charles Shyer Romance Comedy Drama
Noah Baumbach,Adam Driver,Greta Gerwig,Don Cheadle,Comedy Drama Science Fiction,white noise,Adam Driver Greta Gerwig Don Cheadle Noah Baumbach Comedy Drama Science Fiction
Alex Ranarivelo,Jessika Van,Josh Swickard,Tom Williamson,Comedy Romance,a hollywood christmas,Jessika Van Josh Swickard Tom Williamson Alex Ranarivelo Comedy Romance
Tommy Wirkola,David Harbour,John Leguizamo,Alex Hassell,Action Comedy Crime Thriller,violent night,David Harbour John Leguizamo Alex Hassell Tommy Wirkola Action Comedy Crime Thriller
Antoine Fuqua,Will Smith,Ben Foster,Charmaine Bingwa,Drama,emancipation,Will Smith Ben Foster Charmaine Bingwa Antoine Fuqua Drama
Michael Showalter,Jim Parsons,Ben Aldridge,Sally Field,Comedy Drama Romance,spoiler alert,Jim Parsons Ben Aldridge Sally Field Michael Showalter Comedy Drama Romance
Luke Cormican,Brady Noon,Ethan William Childress,Hunter Dillon,Animation Comedy Family,diary of a wimpy kid: rodrick rules,Brady Noon Ethan William Childress Hunter Dillon Luke Cormican Animation Comedy Family
Silas Howard,Riele Downs,Auliʻi Cravalho,Chosen Jacobs,Comedy Fantasy,darby and the dead,Riele Downs Auliʻi Cravalho Chosen Jacobs Silas Howard Comedy Fantasy
Laure de Clermont-Tonnerre,Emma Corrin,Jack O'Connell,Joely Richardson,Drama Romance,lady chatterley's lover,Emma Corrin Jack O'Connell Joely Richardson Laure de Clermont-Tonnerre Drama Romance
Joanna Hogg,Tilda Swinton,Joseph Mydell,Carly-Sophia Davies,Drama Mystery,the eternal daughter,Tilda Swinton Joseph Mydell Carly-Sophia Davies Joanna Hogg Drama Mystery
Matthew Warchus,Alisha Weir,Lashana Lynch,Stephen Graham,Family Comedy Fantasy,matilda the musical,Alisha Weir Lashana Lynch Stephen Graham Matthew Warchus Family Comedy Fantasy
Sam Mendes,Olivia Colman,Micheal Ward,Tom Brooke,Drama Romance,empire of light,Olivia Colman Micheal Ward Tom Brooke Sam Mendes Drama Romance
Matt Danner,Joshua Bassett,Jamie Demetriou,Alice Isaaz,Animation Comedy Family Fantasy,night at the museum: kahmunrah rises again,Joshua Bassett Jamie Demetriou Alice Isaaz Matt Danner Animation Comedy Family Fantasy
Darren Aronofsky,Brendan Fraser,Sadie Sink,Hong Chau,Drama,the whale,Brendan Fraser Sadie Sink Hong Chau Darren Aronofsky Drama
Daryl Wein,Zoey Deutch,Kendrick Sampson,Ray Nicholson,Romance Comedy,something from tiffany's,Zoey Deutch Kendrick Sampson Ray Nicholson Daryl Wein Romance Comedy
Edward John Drake,Paul Johansson,Bruce Willis,unknown,Action Thriller,detective knight: redemption,Paul Johansson Bruce Willis unknown Edward John Drake Action Thriller
Steven LaMorte,David Howard Thornton,Krystle Martin,Chase Mullins,Horror Comedy,the mean one,David Howard Thornton Krystle Martin Chase Mullins Steven LaMorte Horror Comedy
Amin Matalqa,Anna Camp,Rob Mayes,Carson Minniear,Drama,5000 blankets,Anna Camp Rob Mayes Carson Minniear Amin Matalqa Drama
James Cameron,Sam Worthington,Zoe Saldaña,Sigourney Weaver,Science Fiction Adventure Action,avatar: the way of water,Sam Worthington Zoe Saldaña Sigourney Weaver James Cameron Science Fiction Adventure Action
Joel Crawford,Antonio Banderas,Salma Hayek,Harvey Guillén,Animation Family Fantasy Adventure Comedy,puss in boots: the last wish,Antonio Banderas Salma Hayek Harvey Guillén Joel Crawford Animation Family Fantasy Adventure Comedy
Damien Chazelle,Brad Pitt,Margot Robbie,Diego Calva,Drama Comedy,babylon,Brad Pitt Margot Robbie Diego Calva Damien Chazelle Drama Comedy
Kasi Lemmons,Naomi Ackie,Stanley Tucci,Ashton Sanders,Music History Drama,whitney houston: i wanna dance with somebody,Naomi Ackie Stanley Tucci Ashton Sanders Kasi Lemmons Music History Drama
Scott Cooper,Christian Bale,Harry Melling,Gillian Anderson,Crime,the pale blue eye,Christian Bale Harry Melling Gillian Anderson Scott Cooper Crime
Sarah Polley,Rooney Mara,Claire Foy,Jessie Buckley,Drama,women talking,Rooney Mara Claire Foy Jessie Buckley Sarah Polley Drama
Marc Forster,Tom Hanks,Mariana Treviño,Rachel Keller,Comedy Drama,a man called otto,Tom Hanks Mariana Treviño Rachel Keller Marc Forster Comedy Drama
Mary Nighy,Anna Kendrick,Kaniehtiio Horn,Charlie Carrick,Thriller Mystery Drama,"alice, darling",Anna Kendrick Kaniehtiio Horn Charlie Carrick Mary Nighy Thriller Mystery Drama
